
-- =========================================
-- 教育系统智能体数据库 - 数据插入脚本
-- 每个表插入10条数据
-- 创建日期：2026-04-21
-- =========================================

USE `education_system`;

-- =========================================
-- 1. 专业表 - 插入10条数据
-- =========================================
INSERT INTO `majors` (`major_code`, `major_name`, `department`, `degree_type`, `duration`, `description`) VALUES
('CS001', '计算机科学与技术', '计算机学院', '本科', 4, '培养计算机领域专业人才'),
('CS002', '软件工程', '计算机学院', '本科', 4, '培养软件工程人才'),
('CS003', '人工智能', '计算机学院', '本科', 4, '培养AI领域人才'),
('EE001', '电子工程', '电子信息学院', '本科', 4, '培养电子信息领域人才'),
('EE002', '通信工程', '电子信息学院', '本科', 4, '培养通信工程人才'),
('MA001', '数学与应用数学', '理学院', '本科', 4, '培养数学领域人才'),
('MA002', '统计学', '理学院', '本科', 4, '培养统计学人才'),
('ME001', '机械工程', '机械学院', '本科', 4, '培养机械工程人才'),
('CE001', '土木工程', '土木学院', '本科', 4, '培养土木工程人才'),
('BA001', '工商管理', '商学院', '本科', 4, '培养工商管理人才');

-- =========================================
-- 2. 教师表 - 插入10条数据
-- =========================================
INSERT INTO `teachers` (`teacher_no`, `teacher_name`, `gender`, `phone`, `email`, `department`, `title`, `edu_sys_password`) VALUES
('T001', '张教授', '男', '13800138001', 'zhang@edu.cn', '计算机学院', '教授', '123456'),
('T002', '李副教授', '女', '13800138002', 'li@edu.cn', '计算机学院', '副教授', '123456'),
('T003', '王讲师', '男', '13800138003', 'wang@edu.cn', '电子信息学院', '讲师', '123456'),
('T004', '赵教授', '女', '13800138004', 'zhao@edu.cn', '理学院', '教授', '123456'),
('T005', '刘副教授', '男', '13800138005', 'liu@edu.cn', '机械学院', '副教授', '123456'),
('T006', '陈讲师', '女', '13800138006', 'chen@edu.cn', '土木学院', '讲师', '123456'),
('T007', '杨教授', '男', '13800138007', 'yang@edu.cn', '商学院', '教授', '123456'),
('T008', '周副教授', '女', '13800138008', 'zhou@edu.cn', '计算机学院', '副教授', '123456'),
('T009', '吴讲师', '男', '13800138009', 'wu@edu.cn', '电子信息学院', '讲师', '123456'),
('T010', '郑副教授', '女', '13800138010', 'zheng@edu.cn', '理学院', '副教授', '123456');

-- =========================================
-- 3. 班级表 - 插入10条数据
-- =========================================
INSERT INTO `classes` (`class_name`, `major_id`, `grade`, `head_teacher_id`, `student_count`) VALUES
('计算机2023级1班', 1, '2023', 1, 30),
('计算机2023级2班', 1, '2023', 2, 28),
('软件工程2023级1班', 2, '2023', 8, 32),
('人工智能2023级1班', 3, '2023', 1, 25),
('电子工程2023级1班', 4, '2023', 3, 30),
('通信工程2023级1班', 5, '2023', 9, 28),
('数学2023级1班', 6, '2023', 4, 26),
('机械工程2023级1班', 8, '2023', 5, 30),
('土木工程2023级1班', 9, '2023', 6, 29),
('工商管理2023级1班', 10, '2023', 7, 31);

-- =========================================
-- 4. 学生表 - 插入10条数据
-- =========================================
INSERT INTO `students` (`student_no`, `student_name`, `gender`, `birth_date`, `phone`, `email`, `major_id`, `class_id`, `enrollment_date`, `status`, `edu_sys_password`) VALUES
('2023001', '张三', '男', '2004-05-15', '13900139001', 'zhangsan@edu.cn', 1, 1, '2023-09-01', 1, '123456'),
('2023002', '李四', '女', '2004-08-20', '13900139002', 'lisi@edu.cn', 1, 1, '2023-09-01', 1, '123456'),
('2023003', '王五', '男', '2004-03-10', '13900139003', 'wangwu@edu.cn', 1, 2, '2023-09-01', 1, '123456'),
('2023004', '赵六', '女', '2004-11-25', '13900139004', 'zhaoliu@edu.cn', 2, 3, '2023-09-01', 1, '123456'),
('2023005', '孙七', '男', '2004-07-08', '13900139005', 'sunqi@edu.cn', 2, 3, '2023-09-01', 1, '123456'),
('2023006', '周八', '女', '2004-02-14', '13900139006', 'zhouba@edu.cn', 3, 4, '2023-09-01', 1, '123456'),
('2023007', '吴九', '男', '2004-09-30', '13900139007', 'wujiu@edu.cn', 4, 5, '2023-09-01', 1, '123456'),
('2023008', '郑十', '女', '2004-12-05', '13900139008', 'zhengshi@edu.cn', 5, 6, '2023-09-01', 1, '123456'),
('2023009', '钱十一', '男', '2004-06-18', '13900139009', 'qianshiyi@edu.cn', 6, 7, '2023-09-01', 1, '123456'),
('2023010', '陈十二', '女', '2004-04-22', '13900139010', 'chenshier@edu.cn', 7, 7, '2023-09-01', 1, '123456');

-- =========================================
-- 5. 课程表 - 插入10条数据
-- =========================================
INSERT INTO `courses` (`course_code`, `course_name`, `credits`, `hours`, `course_type`, `description`) VALUES
('C101', '高等数学', 5.0, 80, '必修', '高等数学基础课程'),
('C102', '程序设计基础', 4.0, 64, '必修', '计算机编程入门'),
('C103', '数据结构', 4.0, 64, '必修', '数据结构与算法'),
('C104', '大学英语', 3.0, 48, '通识教育', '大学英语课程'),
('C105', '线性代数', 3.0, 48, '必修', '线性代数基础'),
('C106', '操作系统', 4.0, 64, '必修', '操作系统原理'),
('C107', '计算机网络', 3.0, 48, '必修', '计算机网络基础'),
('C108', '数据库原理', 3.0, 48, '必修', '数据库系统原理'),
('C109', '软件工程', 3.0, 48, '必修', '软件工程方法'),
('C110', '人工智能导论', 2.0, 32, '选修', '人工智能入门课程');

-- =========================================
-- 6. 授课表 - 插入10条数据
-- =========================================
INSERT INTO `course_teachings` (`course_id`, `teacher_id`, `semester`, `classroom`, `schedule`) VALUES
(1, 4, '2023-2024学年第一学期', 'A101', '周一 3-4节'),
(2, 1, '2023-2024学年第一学期', 'A201', '周二 5-6节'),
(3, 2, '2023-2024学年第二学期', 'A202', '周三 1-2节'),
(4, 10, '2023-2024学年第一学期', 'B101', '周四 7-8节'),
(5, 4, '2023-2024学年第一学期', 'A301', '周五 3-4节'),
(6, 8, '2023-2024学年第二学期', 'A302', '周一 5-6节'),
(7, 3, '2023-2024学年第二学期', 'B201', '周二 1-2节'),
(8, 2, '2023-2024学年第二学期', 'A401', '周三 7-8节'),
(9, 1, '2024-2025学年第一学期', 'A402', '周四 1-2节'),
(10, 2, '2024-2025学年第一学期', 'B301', '周五 5-6节');

-- =========================================
-- 7. 选课表 - 插入10条数据
-- =========================================
INSERT INTO `course_selections` (`student_id`, `teaching_id`, `selection_time`, `status`) VALUES
(1, 1, '2023-09-01 09:00:00', 1),
(1, 2, '2023-09-01 09:01:00', 1),
(1, 4, '2023-09-01 09:02:00', 1),
(2, 1, '2023-09-01 09:05:00', 1),
(2, 2, '2023-09-01 09:06:00', 1),
(3, 1, '2023-09-01 09:10:00', 1),
(3, 5, '2023-09-01 09:11:00', 1),
(4, 2, '2023-09-01 09:15:00', 1),
(4, 6, '2023-09-01 09:16:00', 1),
(5, 3, '2023-09-01 09:20:00', 1);

-- =========================================
-- 8. 成绩表 - 插入10条数据
-- =========================================
INSERT INTO `scores` (`student_id`, `teaching_id`, `usual_score`, `final_score`, `total_score`, `grade_point`, `semester`) VALUES
(1, 1, 88.0, 92.0, 90.5, 4.0, '2023-2024学年第一学期'),
(1, 2, 90.0, 85.0, 87.0, 3.7, '2023-2024学年第一学期'),
(1, 4, 85.0, 88.0, 86.8, 3.7, '2023-2024学年第一学期'),
(2, 1, 80.0, 78.0, 78.8, 2.7, '2023-2024学年第一学期'),
(2, 2, 92.0, 95.0, 93.8, 4.0, '2023-2024学年第一学期'),
(3, 1, 75.0, 80.0, 78.0, 2.7, '2023-2024学年第一学期'),
(3, 5, 82.0, 85.0, 84.0, 3.3, '2023-2024学年第一学期'),
(4, 2, 88.0, 90.0, 89.2, 4.0, '2023-2024学年第一学期'),
(4, 6, 78.0, 82.0, 80.6, 3.0, '2023-2024学年第二学期'),
(5, 3, 85.0, 88.0, 86.8, 3.7, '2023-2024学年第二学期');

-- =========================================
-- 9. 对话会话表 - 插入10条数据
-- =========================================
INSERT INTO `conversations` (`account`, `user_role`, `title`, `created_at`, `updated_at`) VALUES
('2023001', 'student', '成绩查询', '2024-04-01 10:00:00', '2024-04-01 10:10:00'),
('2023001', 'student', '课程咨询', '2024-04-05 14:00:00', '2024-04-05 14:15:00'),
('2023002', 'student', '个人信息', '2024-04-02 09:30:00', '2024-04-02 09:45:00'),
('2023003', 'student', '选课咨询', '2024-04-03 14:20:00', '2024-04-03 14:30:00'),
('2023004', 'student', '绩点查询', '2024-04-04 16:10:00', '2024-04-04 16:20:00'),
('T001', 'teacher', '学生成绩', '2024-04-06 08:30:00', '2024-04-06 08:45:00'),
('T001', 'teacher', '课程安排', '2024-04-07 10:00:00', '2024-04-07 10:20:00'),
('2023005', 'student', '专业信息', '2024-04-08 11:00:00', '2024-04-08 11:15:00'),
('T002', 'teacher', '班级管理', '2024-04-09 15:30:00', '2024-04-09 15:45:00'),
('2023006', 'student', '新对话', '2024-04-10 09:00:00', '2024-04-10 09:00:00');

-- =========================================
-- 10. 聊天消息表 - 插入10条数据
-- =========================================
INSERT INTO `messages` (`conversation_id`, `role`, `content`, `created_at`) VALUES
(1, 'user', '我的成绩怎么样？', '2024-04-01 10:00:00'),
(1, 'assistant', '您好！我来帮您查询成绩信息。', '2024-04-01 10:00:05'),
(1, 'user', '有没有挂科？', '2024-04-01 10:05:00'),
(1, 'assistant', '没有挂科，您的成绩都合格了！', '2024-04-01 10:05:10'),
(2, 'user', '这学期有哪些课程？', '2024-04-05 14:00:00'),
(2, 'assistant', '这学期有高等数学、程序设计基础等课程。', '2024-04-05 14:00:10'),
(3, 'user', '我的个人信息在哪查？', '2024-04-02 09:30:00'),
(3, 'assistant', '您可以在个人中心查看和修改信息。', '2024-04-02 09:30:15'),
(4, 'user', '下学期有什么选修课？', '2024-04-03 14:20:00'),
(4, 'assistant', '有人工智能导论、计算机网络等课程。', '2024-04-03 14:20:15');

-- =========================================
-- 数据插入完成
-- =========================================
